StartTime,EndTime,LowFreq,HighFreq,StartFile,EndFile,label,Type,SignalCode
159.725,160.318,114.0,199.3,AU-BSPM02_a-160517-080000.wav,AU-BSPM02_a-160517-080000.wav,y,i_neg,RW
274.386,275.043,123.2,201.6,AU-BSPM02_a-160517-080000.wav,AU-BSPM02_a-160517-080000.wav,y,i_neg,RW
316.131,316.767,114.0,192.3,AU-BSPM02_a-160517-080000.wav,AU-BSPM02_a-160517-080000.wav,y,i_neg,RW
151.313,151.97,93.3,178.5,AU-BSPM02_a-160517-082000.wav,AU-BSPM02_a-160517-082000.wav,y,i_neg,RW
181.958,182.636,51.8,116.3,AU-BSPM02_a-160517-082000.wav,AU-BSPM02_a-160517-082000.wav,y,i_neg,RW
585.809,586.762,104.8,215.4,AU-BSPM02_a-160517-084000.wav,AU-BSPM02_a-160517-084000.wav,y,i_neg,RW
178.017,179.013,107.1,222.3,AU-BSPM02_a-160517-085000.wav,AU-BSPM02_a-160517-085000.wav,y,i_neg,RW
198.576,199.699,65.6,176.2,AU-BSPM02_a-160517-085000.wav,AU-BSPM02_a-160517-085000.wav,y,i_neg,RW
114.72,116.478,47.2,173.9,AU-BSPM02_a-160520-060000.wav,AU-BSPM02_a-160520-060000.wav,y,i_neg,RW
183.687,184.916,61.0,173.9,AU-BSPM02_a-160520-060000.wav,AU-BSPM02_a-160520-060000.wav,y,i_neg,RW
299.61,300.415,86.4,206.2,AU-BSPM02_a-160520-060000.wav,AU-BSPM02_a-160520-060000.wav,y,i_neg,RW
494.199,494.962,58.7,183.1,AU-BSPM02_a-160520-060000.wav,AU-BSPM02_a-160520-060000.wav,y,i_neg,RW
2.517,3.364,51.8,150.9,AU-BSPM02_a-160520-061000.wav,AU-BSPM02_a-160520-061000.wav,y,i_neg,RW
54.187,55.246,47.2,185.4,AU-BSPM02_a-160520-061000.wav,AU-BSPM02_a-160520-061000.wav,y,i_neg,RW
571.144,572.267,61.0,187.7,AU-BSPM02_a-160520-062000.wav,AU-BSPM02_a-160520-062000.wav,y,i_neg,RW
21.098,22.39,63.3,176.2,AU-BSPM02_a-160520-063000.wav,AU-BSPM02_a-160520-063000.wav,y,i_neg,RW
121.958,123.081,47.2,176.2,AU-BSPM02_a-160520-063000.wav,AU-BSPM02_a-160520-063000.wav,y,i_neg,RW
161.394,162.729,67.9,169.3,AU-BSPM02_a-160520-063000.wav,AU-BSPM02_a-160520-063000.wav,y,i_neg,RW
478.313,479.754,77.1,187.7,AU-BSPM02_a-160520-063000.wav,AU-BSPM02_a-160520-063000.wav,y,i_neg,RW
536.72,538.288,54.1,164.7,AU-BSPM02_a-160520-063000.wav,AU-BSPM02_a-160520-063000.wav,y,i_neg,RW
577.068,578.699,47.2,144.0,AU-BSPM02_a-160520-063000.wav,AU-BSPM02_a-160520-063000.wav,y,i_neg,RW
40.907,41.649,125.5,206.2,AU-BSPM02_a-160520-071000.wav,AU-BSPM02_a-160520-071000.wav,y,i_neg,RW
189.898,191.19,77.1,194.7,AU-BSPM02_a-160520-071000.wav,AU-BSPM02_a-160520-071000.wav,y,i_neg,RW
120.513,121.657,58.7,150.9,AU-BSPM02_a-160524-054000.wav,AU-BSPM02_a-160524-054000.wav,y,i_neg,RW
221.733,222.538,67.9,173.9,AU-BSPM02_a-160524-054000.wav,AU-BSPM02_a-160524-054000.wav,y,i_neg,RW
253.924,254.729,77.1,153.2,AU-BSPM02_a-160524-054000.wav,AU-BSPM02_a-160524-054000.wav,y,i_neg,RW
27.75,28.64,81.7,203.9,AU-BSPM02_a-160603-050000.wav,AU-BSPM02_a-160603-050000.wav,y,i_neg,RW
415.873,416.848,116.3,224.6,AU-BSPM02_a-160603-050000.wav,AU-BSPM02_a-160603-050000.wav,y,i_neg,RW
92.123,93.055,111.7,210.8,AU-BSPM02_a-160603-051000.wav,AU-BSPM02_a-160603-051000.wav,y,i_neg,RW
143.708,144.619,100.2,240.7,AU-BSPM02_a-160603-051000.wav,AU-BSPM02_a-160603-051000.wav,y,i_neg,RW
185.517,186.237,127.8,220.0,AU-BSPM02_a-160603-051000.wav,AU-BSPM02_a-160603-051000.wav,y,i_neg,RW
220.364,221.423,114.0,203.9,AU-BSPM02_a-160603-051000.wav,AU-BSPM02_a-160603-051000.wav,y,i_neg,RW
250.373,251.517,79.4,164.7,AU-BSPM02_a-160603-051000.wav,AU-BSPM02_a-160603-051000.wav,y,i_neg,RW
282.225,283.178,77.1,187.7,AU-BSPM02_a-160603-051000.wav,AU-BSPM02_a-160603-051000.wav,y,i_neg,RW
306.979,307.742,114.0,210.8,AU-BSPM02_a-160603-051000.wav,AU-BSPM02_a-160603-051000.wav,y,i_neg,RW
333.831,334.573,93.3,180.8,AU-BSPM02_a-160603-051000.wav,AU-BSPM02_a-160603-051000.wav,y,i_neg,RW
357.377,358.373,74.8,192.3,AU-BSPM02_a-160603-051000.wav,AU-BSPM02_a-160603-051000.wav,y,i_neg,RW
473.746,475.822,102.5,164.7,AU-BSPM02_a-160603-051000.wav,AU-BSPM02_a-160603-051000.wav,y,i_neg,RW
505.258,506.042,88.7,194.7,AU-BSPM02_a-160603-051000.wav,AU-BSPM02_a-160603-051000.wav,y,i_neg,RW
543.093,543.623,88.7,185.4,AU-BSPM02_a-160603-051000.wav,AU-BSPM02_a-160603-051000.wav,y,i_neg,RW
579.119,579.945,67.9,162.4,AU-BSPM02_a-160603-051000.wav,AU-BSPM02_a-160603-051000.wav,y,i_neg,RW
20.102,20.865,91.0,183.1,AU-BSPM02_a-160603-052000.wav,AU-BSPM02_a-160603-052000.wav,y,i_neg,RW
186.284,187.216,100.2,233.8,AU-BSPM02_a-160603-052000.wav,AU-BSPM02_a-160603-052000.wav,y,i_neg,RW
232.669,233.58,72.5,194.7,AU-BSPM02_a-160603-052000.wav,AU-BSPM02_a-160603-052000.wav,y,i_neg,RW
270.144,270.928,93.3,185.4,AU-BSPM02_a-160603-052000.wav,AU-BSPM02_a-160603-052000.wav,y,i_neg,RW
292.432,293.618,91.0,171.6,AU-BSPM02_a-160603-052000.wav,AU-BSPM02_a-160603-052000.wav,y,i_neg,RW
136.275,137.652,67.9,160.1,AU-BSPM02_a-160603-053000.wav,AU-BSPM02_a-160603-053000.wav,y,i_neg,RW
158.254,159.822,88.7,164.7,AU-BSPM02_a-160603-053000.wav,AU-BSPM02_a-160603-053000.wav,y,i_neg,RW
223.809,224.932,86.4,213.1,AU-BSPM02_a-160603-053000.wav,AU-BSPM02_a-160603-053000.wav,y,i_neg,RW
270.513,271.636,72.5,183.1,AU-BSPM02_a-160603-053000.wav,AU-BSPM02_a-160603-053000.wav,y,i_neg,RW
307.754,308.898,93.3,183.1,AU-BSPM02_a-160603-053000.wav,AU-BSPM02_a-160603-053000.wav,y,i_neg,RW
338.038,338.589,100.2,148.6,AU-BSPM02_a-160603-053000.wav,AU-BSPM02_a-160603-053000.wav,y,i_neg,RW
373.661,374.445,72.5,173.9,AU-BSPM02_a-160603-053000.wav,AU-BSPM02_a-160603-053000.wav,y,i_neg,RW
152.996,153.738,114.0,187.7,AU-BSPM02_a-160603-054000.wav,AU-BSPM02_a-160603-054000.wav,y,i_neg,RW
233.886,235.305,70.2,208.5,AU-BSPM02_a-160603-055000.wav,AU-BSPM02_a-160603-055000.wav,y,i_neg,RW
333.496,334.259,107.1,176.2,AU-BSPM02_a-160603-055000.wav,AU-BSPM02_a-160603-055000.wav,y,i_neg,RW
493.525,494.351,56.4,197.0,AU-BSPM02_a-160603-055000.wav,AU-BSPM02_a-160603-055000.wav,y,i_neg,RW
281.034,282.178,86.4,197.0,AU-BSPM02_a-160603-061000.wav,AU-BSPM02_a-160603-061000.wav,y,i_neg,RW
462.195,463.233,123.2,199.3,AU-BSPM02_a-160603-061000.wav,AU-BSPM02_a-160603-061000.wav,y,i_neg,RW
504.258,505.402,88.7,199.3,AU-BSPM02_a-160603-061000.wav,AU-BSPM02_a-160603-061000.wav,y,i_neg,RW
543.068,544.678,77.1,171.6,AU-BSPM02_a-160603-061000.wav,AU-BSPM02_a-160603-061000.wav,y,i_neg,RW
548.47,549.784,77.1,183.1,AU-BSPM02_a-160603-061000.wav,AU-BSPM02_a-160603-061000.wav,y,i_neg,RW
223.873,224.996,86.4,180.8,AU-BSPM02_a-160603-155000.wav,AU-BSPM02_a-160603-155000.wav,y,i_neg,RW
52.068,53.424,93.3,261.5,AU-BSPM02_a-160605-024000.wav,AU-BSPM02_a-160605-024000.wav,y,i_neg,RW
56.072,57.491,118.6,229.2,AU-BSPM02_a-160605-024000.wav,AU-BSPM02_a-160605-024000.wav,y,i_neg,RW
188.657,189.886,95.6,224.6,AU-BSPM02_a-160605-024000.wav,AU-BSPM02_a-160605-024000.wav,y,i_neg,RW
347.246,348.348,95.6,190.0,AU-BSPM02_a-160608-100000.wav,AU-BSPM02_a-160608-100000.wav,y,i_neg,RW
237.046,237.957,72.5,150.9,AU-BSPM02_a-160612-044000.wav,AU-BSPM02_a-160612-044000.wav,y,i_neg,RW
259.046,260.614,58.7,146.3,AU-BSPM02_a-160612-044000.wav,AU-BSPM02_a-160612-044000.wav,y,i_neg,RW
287.784,289.034,65.6,146.3,AU-BSPM02_a-160612-044000.wav,AU-BSPM02_a-160612-044000.wav,y,i_neg,RW
341.127,342.335,54.1,155.5,AU-BSPM02_a-160612-044000.wav,AU-BSPM02_a-160612-044000.wav,y,i_neg,RW
371.093,372.216,70.2,157.8,AU-BSPM02_a-160612-044000.wav,AU-BSPM02_a-160612-044000.wav,y,i_neg,RW
400.784,401.992,54.1,164.7,AU-BSPM02_a-160612-044000.wav,AU-BSPM02_a-160612-044000.wav,y,i_neg,RW
434.805,435.991,61.0,132.4,AU-BSPM02_a-160612-044000.wav,AU-BSPM02_a-160612-044000.wav,y,i_neg,RW
459.898,461.233,61.0,144.0,AU-BSPM02_a-160612-044000.wav,AU-BSPM02_a-160612-044000.wav,y,i_neg,RW
329.348,330.005,118.6,201.6,AU-BSPM02_a-160614-213000.wav,AU-BSPM02_a-160614-213000.wav,y,i_neg,RW
330.598,331.106,104.8,203.9,AU-BSPM02_a-160614-213000.wav,AU-BSPM02_a-160614-213000.wav,y,i_neg,RW
591.034,591.754,91.0,176.2,AU-BSPM02_a-160614-213000.wav,AU-BSPM02_a-160614-213000.wav,y,i_neg,RW
45.182,45.479,67.9,141.7,AU-BSPM02_a-160614-214000.wav,AU-BSPM02_a-160614-214000.wav,y,i_neg,RW
291.072,291.708,61.0,185.4,AU-BSPM02_a-160614-214000.wav,AU-BSPM02_a-160614-214000.wav,y,i_neg,RW
326.886,328.051,81.7,236.1,AU-BSPM02_a-160614-214000.wav,AU-BSPM02_a-160614-214000.wav,y,i_neg,RW
349.542,350.94,70.2,206.2,AU-BSPM02_a-160614-214000.wav,AU-BSPM02_a-160614-214000.wav,y,i_neg,RW
386.648,387.22,63.3,164.7,AU-BSPM02_a-160614-214000.wav,AU-BSPM02_a-160614-214000.wav,y,i_neg,RW
27.415,28.686,84.1,190.0,AU-BSPM02_a-160614-215000.wav,AU-BSPM02_a-160614-215000.wav,y,i_neg,RW
590.089,591.212,79.4,169.3,AU-BSPM02_a-160615-030000.wav,AU-BSPM02_a-160615-030000.wav,y,i_neg,RW
234.949,236.093,65.6,243.0,AU-BSPM02_a-160615-072000.wav,AU-BSPM02_a-160615-072000.wav,y,i_neg,RW
255.924,256.983,51.8,220.0,AU-BSPM02_a-160615-072000.wav,AU-BSPM02_a-160615-072000.wav,y,i_neg,RW
281.907,282.966,77.1,187.7,AU-BSPM02_a-160615-072000.wav,AU-BSPM02_a-160615-072000.wav,y,i_neg,RW
292.848,293.674,70.2,187.7,AU-BSPM02_a-160615-072000.wav,AU-BSPM02_a-160615-072000.wav,y,i_neg,RW
320.716,321.669,61.0,217.7,AU-BSPM02_a-160615-072000.wav,AU-BSPM02_a-160615-072000.wav,y,i_neg,RW
546.017,546.992,70.2,194.7,AU-BSPM02_a-160620-080000.wav,AU-BSPM02_a-160620-080000.wav,y,i_neg,RW
577.0,577.763,97.9,199.3,AU-BSPM02_a-160620-080000.wav,AU-BSPM02_a-160620-080000.wav,y,i_neg,RW
595.854,598.588,80.9,158.4,AU-BSPM02_a-160620-080000.wav,AU-BSPM02_a-160620-080000.wav,y,i_neg,RW
196.263,197.386,72.5,144.0,AU-BSPM02_a-160623-003000.wav,AU-BSPM02_a-160623-003000.wav,y,i_neg,RW
220.321,221.799,94.1,149.0,AU-BSPM02_a-160623-003000.wav,AU-BSPM02_a-160623-003000.wav,y,i_neg,RW
374.209,376.204,84.7,133.8,AU-BSPM02_a-160623-005000.wav,AU-BSPM02_a-160623-005000.wav,y,i_neg,RW
399.614,400.631,84.1,167.0,AU-BSPM02_a-160623-005000.wav,AU-BSPM02_a-160623-005000.wav,y,i_neg,RW
450.839,451.856,70.2,171.6,AU-BSPM02_a-160623-005000.wav,AU-BSPM02_a-160623-005000.wav,y,i_neg,RW
509.013,510.221,86.4,171.6,AU-BSPM02_a-160623-005000.wav,AU-BSPM02_a-160623-005000.wav,y,i_neg,RW
122.551,123.398,91.0,146.3,AU-BSPM02_a-160623-011000.wav,AU-BSPM02_a-160623-011000.wav,y,i_neg,RW
152.242,153.619,67.9,153.2,AU-BSPM02_a-160623-011000.wav,AU-BSPM02_a-160623-011000.wav,y,i_neg,RW
181.784,182.78,74.8,144.0,AU-BSPM02_a-160623-011000.wav,AU-BSPM02_a-160623-011000.wav,y,i_neg,RW
367.14,368.581,58.7,183.1,AU-BSPM02_a-160625-020000.wav,AU-BSPM02_a-160625-020000.wav,y,i_neg,RW
168.725,169.551,77.1,153.2,AU-BSPM02_a-160625-022000.wav,AU-BSPM02_a-160625-022000.wav,y,i_neg,RW
219.377,220.521,67.9,164.7,AU-BSPM02_a-160625-022000.wav,AU-BSPM02_a-160625-022000.wav,y,i_neg,RW
394.492,395.17,86.4,169.3,AU-BSPM02_a-160625-022000.wav,AU-BSPM02_a-160625-022000.wav,y,i_neg,RW
415.453,416.491,86.4,213.1,AU-BSPM02_a-160625-022000.wav,AU-BSPM02_a-160625-022000.wav,y,i_neg,RW
273.742,274.589,100.2,210.8,AU-BSPM02_a-160625-070000.wav,AU-BSPM02_a-160625-070000.wav,y,i_neg,RW
323.292,324.055,97.9,206.2,AU-BSPM02_a-160625-070000.wav,AU-BSPM02_a-160625-070000.wav,y,i_neg,RW
343.873,344.615,86.4,178.5,AU-BSPM02_a-160625-070000.wav,AU-BSPM02_a-160625-070000.wav,y,i_neg,RW
374.75,375.788,65.6,190.0,AU-BSPM02_a-160625-070000.wav,AU-BSPM02_a-160625-070000.wav,y,i_neg,RW
393.182,394.157,81.7,183.1,AU-BSPM02_a-160625-070000.wav,AU-BSPM02_a-160625-070000.wav,y,i_neg,RW
416.919,417.851,97.9,192.3,AU-BSPM02_a-160625-070000.wav,AU-BSPM02_a-160625-070000.wav,y,i_neg,RW
432.161,432.945,79.4,190.0,AU-BSPM02_a-160625-070000.wav,AU-BSPM02_a-160625-070000.wav,y,i_neg,RW
456.364,456.894,88.7,150.9,AU-BSPM02_a-160625-070000.wav,AU-BSPM02_a-160625-070000.wav,y,i_neg,RW
479.678,480.949,77.1,169.3,AU-BSPM02_a-160625-070000.wav,AU-BSPM02_a-160625-070000.wav,y,i_neg,RW
500.229,500.695,95.6,160.1,AU-BSPM02_a-160625-070000.wav,AU-BSPM02_a-160625-070000.wav,y,i_neg,RW
530.796,531.707,72.5,169.3,AU-BSPM02_a-160625-070000.wav,AU-BSPM02_a-160625-070000.wav,y,i_neg,RW
566.949,567.542,86.4,169.3,AU-BSPM02_a-160625-070000.wav,AU-BSPM02_a-160625-070000.wav,y,i_neg,RW
585.411,586.025,72.5,148.6,AU-BSPM02_a-160625-070000.wav,AU-BSPM02_a-160625-070000.wav,y,i_neg,RW
2.212,3.102,91.0,197.0,AU-BSPM02_a-160625-071000.wav,AU-BSPM02_a-160625-071000.wav,y,i_neg,RW
27.856,28.513,61.0,155.5,AU-BSPM02_a-160625-071000.wav,AU-BSPM02_a-160625-071000.wav,y,i_neg,RW
47.907,48.458,88.7,162.4,AU-BSPM02_a-160625-071000.wav,AU-BSPM02_a-160625-071000.wav,y,i_neg,RW
58.839,59.347,72.5,178.5,AU-BSPM02_a-160625-071000.wav,AU-BSPM02_a-160625-071000.wav,y,i_neg,RW
97.352,98.178,63.3,171.6,AU-BSPM02_a-160625-071000.wav,AU-BSPM02_a-160625-071000.wav,y,i_neg,RW
103.835,104.301,81.7,123.2,AU-BSPM02_a-160625-071000.wav,AU-BSPM02_a-160625-071000.wav,y,i_neg,RW
113.496,114.598,72.5,162.4,AU-BSPM02_a-160625-071000.wav,AU-BSPM02_a-160625-071000.wav,y,i_neg,RW
151.161,152.347,81.7,169.3,AU-BSPM02_a-160625-071000.wav,AU-BSPM02_a-160625-071000.wav,y,i_neg,RW
166.86,167.496,70.2,134.7,AU-BSPM02_a-160625-071000.wav,AU-BSPM02_a-160625-071000.wav,y,i_neg,RW
397.572,398.102,107.1,178.5,AU-BSPM02_a-160625-071000.wav,AU-BSPM02_a-160625-071000.wav,y,i_neg,RW
404.288,405.178,79.4,206.2,AU-BSPM02_a-160625-071000.wav,AU-BSPM02_a-160625-071000.wav,y,i_neg,RW
433.979,434.593,109.4,176.2,AU-BSPM02_a-160625-071000.wav,AU-BSPM02_a-160625-071000.wav,y,i_neg,RW
494.928,495.564,125.5,183.1,AU-BSPM02_a-160625-071000.wav,AU-BSPM02_a-160625-071000.wav,y,i_neg,RW
563.127,563.996,95.6,185.4,AU-BSPM02_a-160625-071000.wav,AU-BSPM02_a-160625-071000.wav,y,i_neg,RW
599.046,599.766,88.7,199.3,AU-BSPM02_a-160625-071000.wav,AU-BSPM02_a-160625-071000.wav,y,i_neg,RW
17.53,18.335,74.8,162.4,AU-BSPM02_a-160625-072000.wav,AU-BSPM02_a-160625-072000.wav,y,i_neg,RW
42.517,43.153,65.6,169.3,AU-BSPM02_a-160625-072000.wav,AU-BSPM02_a-160625-072000.wav,y,i_neg,RW
87.059,87.758,84.1,164.7,AU-BSPM02_a-160625-072000.wav,AU-BSPM02_a-160625-072000.wav,y,i_neg,RW
146.038,146.716,61.0,148.6,AU-BSPM02_a-160625-072000.wav,AU-BSPM02_a-160625-072000.wav,y,i_neg,RW
166.809,167.529,70.2,148.6,AU-BSPM02_a-160625-072000.wav,AU-BSPM02_a-160625-072000.wav,y,i_neg,RW
191.669,192.411,79.4,164.7,AU-BSPM02_a-160625-072000.wav,AU-BSPM02_a-160625-072000.wav,y,i_neg,RW
218.119,218.776,72.5,160.1,AU-BSPM02_a-160625-072000.wav,AU-BSPM02_a-160625-072000.wav,y,i_neg,RW
103.322,104.381,81.7,194.7,AU-BSPM02_a-160625-073000.wav,AU-BSPM02_a-160625-073000.wav,y,i_neg,RW
139.178,139.771,70.2,157.8,AU-BSPM02_a-160625-073000.wav,AU-BSPM02_a-160625-073000.wav,y,i_neg,RW
162.428,163.36,61.0,148.6,AU-BSPM02_a-160625-073000.wav,AU-BSPM02_a-160625-073000.wav,y,i_neg,RW
196.894,197.826,70.2,155.5,AU-BSPM02_a-160625-073000.wav,AU-BSPM02_a-160625-073000.wav,y,i_neg,RW
149.169,149.889,72.5,199.3,AU-BSPM02_a-160625-074000.wav,AU-BSPM02_a-160625-074000.wav,y,i_neg,RW
282.284,283.089,70.2,201.6,AU-BSPM02_a-160625-074000.wav,AU-BSPM02_a-160625-074000.wav,y,i_neg,RW
322.089,322.979,77.1,167.0,AU-BSPM02_a-160625-074000.wav,AU-BSPM02_a-160625-074000.wav,y,i_neg,RW
350.106,350.953,72.5,162.4,AU-BSPM02_a-160625-074000.wav,AU-BSPM02_a-160625-074000.wav,y,i_neg,RW
391.915,392.614,81.7,155.5,AU-BSPM02_a-160625-074000.wav,AU-BSPM02_a-160625-074000.wav,y,i_neg,RW
407.877,408.28,88.7,176.2,AU-BSPM02_a-160625-074000.wav,AU-BSPM02_a-160625-074000.wav,y,i_neg,RW
425.038,425.568,102.5,167.0,AU-BSPM02_a-160625-074000.wav,AU-BSPM02_a-160625-074000.wav,y,i_neg,RW
441.424,441.89,91.0,164.7,AU-BSPM02_a-160625-074000.wav,AU-BSPM02_a-160625-074000.wav,y,i_neg,RW
455.733,456.771,70.2,164.7,AU-BSPM02_a-160625-074000.wav,AU-BSPM02_a-160625-074000.wav,y,i_neg,RW
480.86,481.792,67.9,157.8,AU-BSPM02_a-160625-074000.wav,AU-BSPM02_a-160625-074000.wav,y,i_neg,RW
507.606,508.39,65.6,150.9,AU-BSPM02_a-160625-074000.wav,AU-BSPM02_a-160625-074000.wav,y,i_neg,RW
535.114,535.813,72.5,134.7,AU-BSPM02_a-160625-074000.wav,AU-BSPM02_a-160625-074000.wav,y,i_neg,RW
568.733,569.178,74.8,139.4,AU-BSPM02_a-160625-074000.wav,AU-BSPM02_a-160625-074000.wav,y,i_neg,RW
577.313,577.694,88.7,130.1,AU-BSPM02_a-160625-074000.wav,AU-BSPM02_a-160625-074000.wav,y,i_neg,RW
592.708,593.068,77.1,139.4,AU-BSPM02_a-160625-074000.wav,AU-BSPM02_a-160625-074000.wav,y,i_neg,RW
289.343,290.296,84.1,183.1,AU-BSPM02_a-160625-075000.wav,AU-BSPM02_a-160625-075000.wav,y,i_neg,RW
386.369,387.492,91.0,217.7,AU-BSPM02_a-160625-075000.wav,AU-BSPM02_a-160625-075000.wav,y,i_neg,RW
431.758,432.521,109.4,197.0,AU-BSPM02_a-160625-075000.wav,AU-BSPM02_a-160625-075000.wav,y,i_neg,RW
451.046,451.872,88.7,210.8,AU-BSPM02_a-160625-075000.wav,AU-BSPM02_a-160625-075000.wav,y,i_neg,RW
469.911,470.462,81.7,176.2,AU-BSPM02_a-160625-075000.wav,AU-BSPM02_a-160625-075000.wav,y,i_neg,RW
486.013,486.5,81.7,194.7,AU-BSPM02_a-160625-075000.wav,AU-BSPM02_a-160625-075000.wav,y,i_neg,RW
512.674,513.246,84.1,146.3,AU-BSPM02_a-160625-075000.wav,AU-BSPM02_a-160625-075000.wav,y,i_neg,RW
563.008,563.665,93.3,178.5,AU-BSPM02_a-160625-075000.wav,AU-BSPM02_a-160625-075000.wav,y,i_neg,RW
572.352,573.423,96.0,173.5,AU-BSPM02_a-160625-075000.wav,AU-BSPM02_a-160625-075000.wav,y,i_neg,RW
586.561,588.187,75.2,160.3,AU-BSPM02_a-160625-075000.wav,AU-BSPM02_a-160625-075000.wav,y,i_neg,RW
8.788,9.424,91.0,164.7,AU-BSPM02_a-160625-080000.wav,AU-BSPM02_a-160625-080000.wav,y,i_neg,RW
65.246,65.882,74.8,155.5,AU-BSPM02_a-160625-080000.wav,AU-BSPM02_a-160625-080000.wav,y,i_neg,RW
84.979,85.742,61.0,160.1,AU-BSPM02_a-160625-080000.wav,AU-BSPM02_a-160625-080000.wav,y,i_neg,RW
156.606,157.136,72.5,164.7,AU-BSPM02_a-160625-080000.wav,AU-BSPM02_a-160625-080000.wav,y,i_neg,RW
180.788,181.318,79.4,176.2,AU-BSPM02_a-160625-080000.wav,AU-BSPM02_a-160625-080000.wav,y,i_neg,RW
200.352,201.178,88.7,192.3,AU-BSPM02_a-160625-080000.wav,AU-BSPM02_a-160625-080000.wav,y,i_neg,RW
209.017,209.801,91.0,199.3,AU-BSPM02_a-160625-080000.wav,AU-BSPM02_a-160625-080000.wav,y,i_neg,RW
228.729,229.132,111.7,176.2,AU-BSPM02_a-160625-080000.wav,AU-BSPM02_a-160625-080000.wav,y,i_neg,RW
246.449,247.063,118.6,194.7,AU-BSPM02_a-160625-080000.wav,AU-BSPM02_a-160625-080000.wav,y,i_neg,RW
386.364,386.809,100.2,162.4,AU-BSPM02_a-160625-080000.wav,AU-BSPM02_a-160625-080000.wav,y,i_neg,RW
406.796,407.643,88.7,190.0,AU-BSPM02_a-160625-080000.wav,AU-BSPM02_a-160625-080000.wav,y,i_neg,RW
48.729,49.343,86.4,185.4,AU-BSPM02_a-160625-081000.wav,AU-BSPM02_a-160625-081000.wav,y,i_neg,RW
242.008,242.919,79.4,206.2,AU-BSPM02_a-160625-081000.wav,AU-BSPM02_a-160625-081000.wav,y,i_neg,RW
287.873,288.678,65.6,169.3,AU-BSPM02_a-160625-081000.wav,AU-BSPM02_a-160625-081000.wav,y,i_neg,RW
334.267,334.924,86.4,190.0,AU-BSPM02_a-160625-081000.wav,AU-BSPM02_a-160625-081000.wav,y,i_neg,RW
361.881,362.601,95.6,167.0,AU-BSPM02_a-160625-081000.wav,AU-BSPM02_a-160625-081000.wav,y,i_neg,RW
381.669,382.05,97.9,176.2,AU-BSPM02_a-160625-081000.wav,AU-BSPM02_a-160625-081000.wav,y,i_neg,RW
521.826,522.568,77.1,160.1,AU-BSPM02_a-160625-081000.wav,AU-BSPM02_a-160625-081000.wav,y,i_neg,RW
541.275,541.762,67.9,139.4,AU-BSPM02_a-160625-081000.wav,AU-BSPM02_a-160625-081000.wav,y,i_neg,RW
583.136,583.878,79.4,157.8,AU-BSPM02_a-160625-081000.wav,AU-BSPM02_a-160625-081000.wav,y,i_neg,RW
596.195,597.509,63.3,162.4,AU-BSPM02_a-160724-161000.wav,AU-BSPM02_a-160724-161000.wav,y,i_neg,RW
14.0,14.636,47.2,107.1,AU-BSPM02_a-160724-163000.wav,AU-BSPM02_a-160724-163000.wav,y,i_neg,RW
99.322,100.572,100.2,203.9,AU-BSPM02_a-160724-163000.wav,AU-BSPM02_a-160724-163000.wav,y,i_neg,RW
163.53,164.865,81.7,190.0,AU-BSPM02_a-160724-163000.wav,AU-BSPM02_a-160724-163000.wav,y,i_neg,RW
173.644,174.915,56.4,150.9,AU-BSPM02_a-160724-163000.wav,AU-BSPM02_a-160724-163000.wav,y,i_neg,RW
237.326,238.682,95.6,194.7,AU-BSPM02_a-160724-163000.wav,AU-BSPM02_a-160724-163000.wav,y,i_neg,RW
294.165,295.246,93.3,203.9,AU-BSPM02_a-160724-163000.wav,AU-BSPM02_a-160724-163000.wav,y,i_neg,RW
337.932,338.907,56.4,157.8,AU-BSPM02_a-160724-163000.wav,AU-BSPM02_a-160724-163000.wav,y,i_neg,RW
372.983,373.873,54.1,178.5,AU-BSPM02_a-160724-163000.wav,AU-BSPM02_a-160724-163000.wav,y,i_neg,RW
395.894,397.25,91.0,153.2,AU-BSPM02_a-160724-163000.wav,AU-BSPM02_a-160724-163000.wav,y,i_neg,RW
416.114,417.258,31.1,164.7,AU-BSPM02_a-160724-163000.wav,AU-BSPM02_a-160724-163000.wav,y,i_neg,RW
460.805,461.737,65.6,173.9,AU-BSPM02_a-160724-163000.wav,AU-BSPM02_a-160724-163000.wav,y,i_neg,RW
462.881,463.834,38.0,167.0,AU-BSPM02_a-160724-163000.wav,AU-BSPM02_a-160724-163000.wav,y,i_neg,RW
506.14,506.987,44.9,148.6,AU-BSPM02_a-160724-163000.wav,AU-BSPM02_a-160724-163000.wav,y,i_neg,RW
509.742,510.335,130.1,183.1,AU-BSPM02_a-160724-163000.wav,AU-BSPM02_a-160724-163000.wav,y,i_neg,RW
542.631,543.86,51.8,137.0,AU-BSPM02_a-160724-163000.wav,AU-BSPM02_a-160724-163000.wav,y,i_neg,RW
546.644,547.576,42.6,97.9,AU-BSPM02_a-160724-163000.wav,AU-BSPM02_a-160724-163000.wav,y,i_neg,RW
547.682,548.699,67.9,162.4,AU-BSPM02_a-160724-163000.wav,AU-BSPM02_a-160724-163000.wav,y,i_neg,RW
570.881,571.877,31.1,127.8,AU-BSPM02_a-160724-163000.wav,AU-BSPM02_a-160724-163000.wav,y,i_neg,RW
582.839,583.729,79.4,185.4,AU-BSPM02_a-160724-163000.wav,AU-BSPM02_a-160724-163000.wav,y,i_neg,RW
21.937,23.272,33.4,130.1,AU-BSPM02_a-160724-164000.wav,AU-BSPM02_a-160724-164000.wav,y,i_neg,RW
76.178,76.814,58.7,137.0,AU-BSPM02_a-160724-164000.wav,AU-BSPM02_a-160724-164000.wav,y,i_neg,RW
163.322,163.852,51.8,114.0,AU-BSPM02_a-160724-164000.wav,AU-BSPM02_a-160724-164000.wav,y,i_neg,RW
167.305,167.792,58.7,120.9,AU-BSPM02_a-160724-164000.wav,AU-BSPM02_a-160724-164000.wav,y,i_neg,RW
504.428,505.36,61.0,144.0,AU-BSPM02_a-160724-164000.wav,AU-BSPM02_a-160724-164000.wav,y,i_neg,RW
538.886,539.67,47.2,120.9,AU-BSPM02_a-160724-164000.wav,AU-BSPM02_a-160724-164000.wav,y,i_neg,RW
49.068,50.17,51.8,164.7,AU-BSPM02_a-160725-071000.wav,AU-BSPM02_a-160725-071000.wav,y,i_neg,RW
217.445,218.441,88.7,162.4,AU-BSPM02_a-160725-071000.wav,AU-BSPM02_a-160725-071000.wav,y,i_neg,RW
270.555,271.636,65.6,185.4,AU-BSPM02_a-160725-071000.wav,AU-BSPM02_a-160725-071000.wav,y,i_neg,RW
359.805,360.864,54.1,146.3,AU-BSPM02_a-160725-071000.wav,AU-BSPM02_a-160725-071000.wav,y,i_neg,RW
146.78,147.585,114.0,183.1,AU-BSPM02_a-160725-075000.wav,AU-BSPM02_a-160725-075000.wav,y,i_neg,RW
219.708,220.683,88.7,169.3,AU-BSPM02_a-160725-075000.wav,AU-BSPM02_a-160725-075000.wav,y,i_neg,RW
456.284,457.174,67.9,125.5,AU-BSPM02_a-160725-075000.wav,AU-BSPM02_a-160725-075000.wav,y,i_neg,RW
481.428,482.996,28.8,132.4,AU-BSPM02_a-160729-061000.wav,AU-BSPM02_a-160729-061000.wav,y,i_neg,RW
498.809,500.462,49.5,134.7,AU-BSPM02_a-160729-061000.wav,AU-BSPM02_a-160729-061000.wav,y,i_neg,RW
540.725,542.017,70.2,130.1,AU-BSPM02_a-160729-061000.wav,AU-BSPM02_a-160729-061000.wav,y,i_neg,RW
576.742,577.886,47.2,148.6,AU-BSPM02_a-160729-061000.wav,AU-BSPM02_a-160729-061000.wav,y,i_neg,RW
3.572,4.737,47.2,134.7,AU-BSPM02_a-160729-062000.wav,AU-BSPM02_a-160729-062000.wav,y,i_neg,RW
26.144,26.949,61.0,102.5,AU-BSPM02_a-160729-062000.wav,AU-BSPM02_a-160729-062000.wav,y,i_neg,RW
58.589,60.644,47.2,144.0,AU-BSPM02_a-160729-062000.wav,AU-BSPM02_a-160729-062000.wav,y,i_neg,RW
227.517,229.254,47.2,104.8,AU-BSPM02_a-160729-062000.wav,AU-BSPM02_a-160729-062000.wav,y,i_neg,RW
309.682,310.763,54.1,120.9,AU-BSPM02_a-160729-062000.wav,AU-BSPM02_a-160729-062000.wav,y,i_neg,RW
309.072,310.449,84.1,190.0,AU-BSPM02_a-160731-084000.wav,AU-BSPM02_a-160731-084000.wav,y,i_neg,RW
328.424,328.89,70.2,130.1,AU-BSPM02_a-160731-084000.wav,AU-BSPM02_a-160731-084000.wav,y,i_neg,RW
351.038,351.652,70.2,150.9,AU-BSPM02_a-160731-084000.wav,AU-BSPM02_a-160731-084000.wav,y,i_neg,RW
511.046,511.83,102.5,169.3,AU-BSPM02_a-160731-132000.wav,AU-BSPM02_a-160731-132000.wav,y,i_neg,RW
572.44,573.372,77.1,160.1,AU-BSPM02_a-160731-132000.wav,AU-BSPM02_a-160731-132000.wav,y,i_neg,RW
199.902,200.453,70.2,134.7,AU-BSPM02_a-160801-001000.wav,AU-BSPM02_a-160801-001000.wav,y,i_neg,RW
236.36,237.504,56.4,162.4,AU-BSPM02_a-160801-001000.wav,AU-BSPM02_a-160801-001000.wav,y,i_neg,RW
271.898,272.428,97.9,148.6,AU-BSPM02_a-160801-001000.wav,AU-BSPM02_a-160801-001000.wav,y,i_neg,RW
337.093,338.216,58.7,111.7,AU-BSPM02_a-160801-001000.wav,AU-BSPM02_a-160801-001000.wav,y,i_neg,RW
362.144,362.843,54.1,132.4,AU-BSPM02_a-160801-001000.wav,AU-BSPM02_a-160801-001000.wav,y,i_neg,RW
377.907,378.5,58.7,134.7,AU-BSPM02_a-160801-001000.wav,AU-BSPM02_a-160801-001000.wav,y,i_neg,RW
567.097,567.796,88.7,180.8,AU-BSPM02_a-160801-040000.wav,AU-BSPM02_a-160801-040000.wav,y,i_neg,RW
57.216,58.169,86.4,178.5,AU-BSPM02_a-160801-041000.wav,AU-BSPM02_a-160801-041000.wav,y,i_neg,RW
108.907,109.818,79.4,187.7,AU-BSPM02_a-160801-041000.wav,AU-BSPM02_a-160801-041000.wav,y,i_neg,RW
166.636,167.441,67.9,183.1,AU-BSPM02_a-160801-041000.wav,AU-BSPM02_a-160801-041000.wav,y,i_neg,RW
484.69,485.326,86.4,171.6,AU-BSPM02_a-160801-042000.wav,AU-BSPM02_a-160801-042000.wav,y,i_neg,RW
543.288,543.712,95.6,155.5,AU-BSPM02_a-160801-042000.wav,AU-BSPM02_a-160801-042000.wav,y,i_neg,RW
589.534,590.445,81.7,208.5,AU-BSPM02_a-160801-042000.wav,AU-BSPM02_a-160801-042000.wav,y,i_neg,RW
49.254,49.974,107.1,169.3,AU-BSPM02_a-160801-043000.wav,AU-BSPM02_a-160801-043000.wav,y,i_neg,RW
72.25,73.034,72.5,203.9,AU-BSPM02_a-160801-043000.wav,AU-BSPM02_a-160801-043000.wav,y,i_neg,RW
122.627,123.241,93.3,173.9,AU-BSPM02_a-160801-043000.wav,AU-BSPM02_a-160801-043000.wav,y,i_neg,RW
162.127,163.123,93.3,206.2,AU-BSPM02_a-160801-043000.wav,AU-BSPM02_a-160801-043000.wav,y,i_neg,RW
185.398,186.351,88.7,201.6,AU-BSPM02_a-160801-043000.wav,AU-BSPM02_a-160801-043000.wav,y,i_neg,RW
279.979,280.572,91.0,194.7,AU-BSPM02_a-160801-044000.wav,AU-BSPM02_a-160801-044000.wav,y,i_neg,RW
308.334,308.991,91.0,167.0,AU-BSPM02_a-160801-044000.wav,AU-BSPM02_a-160801-044000.wav,y,i_neg,RW
339.136,340.068,91.0,164.7,AU-BSPM02_a-160801-044000.wav,AU-BSPM02_a-160801-044000.wav,y,i_neg,RW
355.258,356.021,74.8,164.7,AU-BSPM02_a-160801-044000.wav,AU-BSPM02_a-160801-044000.wav,y,i_neg,RW
383.424,384.674,81.7,173.9,AU-BSPM02_a-160801-044000.wav,AU-BSPM02_a-160801-044000.wav,y,i_neg,RW
395.19,396.08,65.6,162.4,AU-BSPM02_a-160801-044000.wav,AU-BSPM02_a-160801-044000.wav,y,i_neg,RW
418.992,420.051,81.7,192.3,AU-BSPM02_a-160801-044000.wav,AU-BSPM02_a-160801-044000.wav,y,i_neg,RW
467.178,468.068,100.2,173.9,AU-BSPM02_a-160801-044000.wav,AU-BSPM02_a-160801-044000.wav,y,i_neg,RW
498.584,499.495,93.3,178.5,AU-BSPM02_a-160801-044000.wav,AU-BSPM02_a-160801-044000.wav,y,i_neg,RW
520.712,521.538,74.8,153.2,AU-BSPM02_a-160801-044000.wav,AU-BSPM02_a-160801-044000.wav,y,i_neg,RW
594.53,595.356,81.7,125.5,AU-BSPM02_a-160801-044000.wav,AU-BSPM02_a-160801-044000.wav,y,i_neg,RW
6.381,7.165,74.8,185.4,AU-BSPM02_a-160801-045000.wav,AU-BSPM02_a-160801-045000.wav,y,i_neg,RW
144.178,144.983,67.9,144.0,AU-BSPM02_a-160801-045000.wav,AU-BSPM02_a-160801-045000.wav,y,i_neg,RW
159.834,160.512,86.4,178.5,AU-BSPM02_a-160801-045000.wav,AU-BSPM02_a-160801-045000.wav,y,i_neg,RW
257.496,258.81,88.7,233.8,AU-BSPM02_a-160801-045000.wav,AU-BSPM02_a-160801-045000.wav,y,i_neg,RW
346.038,346.843,56.4,137.0,AU-BSPM02_a-160801-045000.wav,AU-BSPM02_a-160801-045000.wav,y,i_neg,RW
361.576,362.423,67.9,144.0,AU-BSPM02_a-160801-045000.wav,AU-BSPM02_a-160801-045000.wav,y,i_neg,RW
393.017,393.568,114.0,192.3,AU-BSPM02_a-160801-045000.wav,AU-BSPM02_a-160801-045000.wav,y,i_neg,RW
465.915,467.038,91.0,203.9,AU-BSPM02_a-160801-045000.wav,AU-BSPM02_a-160801-045000.wav,y,i_neg,RW
75.602,76.788,72.5,173.9,AU-BSPM02_a-160801-050000.wav,AU-BSPM02_a-160801-050000.wav,y,i_neg,RW
126.318,127.208,70.2,148.6,AU-BSPM02_a-160801-050000.wav,AU-BSPM02_a-160801-050000.wav,y,i_neg,RW
161.644,162.491,127.8,197.0,AU-BSPM02_a-160801-050000.wav,AU-BSPM02_a-160801-050000.wav,y,i_neg,RW
242.284,243.259,72.5,150.9,AU-BSPM02_a-160801-050000.wav,AU-BSPM02_a-160801-050000.wav,y,i_neg,RW
259.475,260.428,91.0,250.0,AU-BSPM02_a-160801-050000.wav,AU-BSPM02_a-160801-050000.wav,y,i_neg,RW
314.216,315.0,56.4,185.4,AU-BSPM02_a-160801-050000.wav,AU-BSPM02_a-160801-050000.wav,y,i_neg,RW
361.394,362.241,65.6,201.6,AU-BSPM02_a-160801-050000.wav,AU-BSPM02_a-160801-050000.wav,y,i_neg,RW
404.411,405.068,84.1,164.7,AU-BSPM02_a-160801-050000.wav,AU-BSPM02_a-160801-050000.wav,y,i_neg,RW
434.271,434.949,111.7,187.7,AU-BSPM02_a-160801-050000.wav,AU-BSPM02_a-160801-050000.wav,y,i_neg,RW
471.619,472.551,74.8,173.9,AU-BSPM02_a-160801-050000.wav,AU-BSPM02_a-160801-050000.wav,y,i_neg,RW
553.551,554.356,81.7,250.0,AU-BSPM02_a-160801-050000.wav,AU-BSPM02_a-160801-050000.wav,y,i_neg,RW
10.411,11.195,86.4,171.6,AU-BSPM02_a-160801-051000.wav,AU-BSPM02_a-160801-051000.wav,y,i_neg,RW
48.131,49.084,81.7,199.3,AU-BSPM02_a-160801-051000.wav,AU-BSPM02_a-160801-051000.wav,y,i_neg,RW
160.822,162.072,97.9,238.4,AU-BSPM02_a-160801-051000.wav,AU-BSPM02_a-160801-051000.wav,y,i_neg,RW
247.86,249.089,58.7,123.2,AU-BSPM02_a-160801-051000.wav,AU-BSPM02_a-160801-051000.wav,y,i_neg,RW
12.61,13.373,81.7,162.4,AU-BSPM02_a-160801-091000.wav,AU-BSPM02_a-160801-091000.wav,y,i_neg,RW
317.004,317.47,74.8,171.6,AU-BSPM02_a-160801-091000.wav,AU-BSPM02_a-160801-091000.wav,y,i_neg,RW
78.11,79.254,81.7,183.1,AU-BSPM02_a-160802-052000.wav,AU-BSPM02_a-160802-052000.wav,y,i_neg,RW
287.775,288.728,116.3,173.9,AU-BSPM02_a-160802-052000.wav,AU-BSPM02_a-160802-052000.wav,y,i_neg,RW
479.763,480.992,86.4,183.1,AU-BSPM02_a-160802-052000.wav,AU-BSPM02_a-160802-052000.wav,y,i_neg,RW
420.428,421.699,100.2,217.7,AU-BSPM02_a-160802-100000.wav,AU-BSPM02_a-160802-100000.wav,y,i_neg,RW
544.962,545.809,84.1,185.4,AU-BSPM02_a-160802-101000.wav,AU-BSPM02_a-160802-101000.wav,y,i_neg,RW
511.373,512.644,104.8,201.6,AU-BSPM02_a-160802-104000.wav,AU-BSPM02_a-160802-104000.wav,y,i_neg,RW
455.475,456.344,104.8,185.4,AU-BSPM02_a-160802-111000.wav,AU-BSPM02_a-160802-111000.wav,y,i_neg,RW
225.898,227.0,91.0,194.7,AU-BSPM02_a-160804-123000.wav,AU-BSPM02_a-160804-123000.wav,y,i_neg,RW
456.313,457.436,84.1,167.0,AU-BSPM02_a-160804-220000.wav,AU-BSPM02_a-160804-220000.wav,y,i_neg,RW
543.606,544.687,84.1,197.0,AU-BSPM02_a-160804-220000.wav,AU-BSPM02_a-160804-220000.wav,y,i_neg,RW
580.563,581.516,61.0,155.5,AU-BSPM02_a-160804-220000.wav,AU-BSPM02_a-160804-220000.wav,y,i_neg,RW
355.53,356.716,93.3,256.9,AU-BSPM02_a-160805-080000.wav,AU-BSPM02_a-160805-080000.wav,y,i_neg,RW
481.949,483.368,77.1,194.7,AU-BSPM02_a-160805-133000.wav,AU-BSPM02_a-160805-133000.wav,y,i_neg,RW
532.53,533.314,111.7,192.3,AU-BSPM02_a-160805-133000.wav,AU-BSPM02_a-160805-133000.wav,y,i_neg,RW
587.907,589.305,84.1,173.9,AU-BSPM02_a-160805-133000.wav,AU-BSPM02_a-160805-133000.wav,y,i_neg,RW
26.059,26.991,65.6,171.6,AU-BSPM02_a-160805-134000.wav,AU-BSPM02_a-160805-134000.wav,y,i_neg,RW
50.792,51.428,65.6,153.2,AU-BSPM02_a-160805-134000.wav,AU-BSPM02_a-160805-134000.wav,y,i_neg,RW
473.563,474.601,65.6,190.0,AU-BSPM02_a-160805-141000.wav,AU-BSPM02_a-160805-141000.wav,y,i_neg,RW
523.962,525.233,51.8,144.0,AU-BSPM02_a-160805-141000.wav,AU-BSPM02_a-160805-141000.wav,y,i_neg,RW
18.869,19.399,72.5,150.9,AU-BSPM02_a-160805-180000.wav,AU-BSPM02_a-160805-180000.wav,y,i_neg,RW
46.665,47.788,74.8,141.7,AU-BSPM02_a-160805-180000.wav,AU-BSPM02_a-160805-180000.wav,y,i_neg,RW
70.424,71.293,67.9,162.4,AU-BSPM02_a-160805-180000.wav,AU-BSPM02_a-160805-180000.wav,y,i_neg,RW
120.483,121.818,86.4,187.7,AU-BSPM02_a-160805-180000.wav,AU-BSPM02_a-160805-180000.wav,y,i_neg,RW
163.36,164.864,70.2,222.3,AU-BSPM02_a-160805-180000.wav,AU-BSPM02_a-160805-180000.wav,y,i_neg,RW
202.309,203.284,65.6,176.2,AU-BSPM02_a-160805-180000.wav,AU-BSPM02_a-160805-180000.wav,y,i_neg,RW
231.979,232.975,61.0,171.6,AU-BSPM02_a-160805-180000.wav,AU-BSPM02_a-160805-180000.wav,y,i_neg,RW
261.013,261.521,51.8,148.6,AU-BSPM02_a-160805-180000.wav,AU-BSPM02_a-160805-180000.wav,y,i_neg,RW
582.152,583.402,67.9,180.8,AU-BSPM02_a-160805-231000.wav,AU-BSPM02_a-160805-231000.wav,y,i_neg,RW
36.597,37.783,74.8,199.3,AU-BSPM02_a-160805-232000.wav,AU-BSPM02_a-160805-232000.wav,y,i_neg,RW
77.97,79.284,77.1,162.4,AU-BSPM02_a-160805-232000.wav,AU-BSPM02_a-160805-232000.wav,y,i_neg,RW
107.725,109.06,56.4,157.8,AU-BSPM02_a-160805-232000.wav,AU-BSPM02_a-160805-232000.wav,y,i_neg,RW
131.165,131.907,56.4,190.0,AU-BSPM02_a-160805-232000.wav,AU-BSPM02_a-160805-232000.wav,y,i_neg,RW
158.758,159.436,49.5,162.4,AU-BSPM02_a-160805-232000.wav,AU-BSPM02_a-160805-232000.wav,y,i_neg,RW
153.233,154.08,81.7,183.1,AU-BSPM02_a-160806-040000.wav,AU-BSPM02_a-160806-040000.wav,y,i_neg,RW
211.64,212.551,67.9,183.1,AU-BSPM02_a-160806-040000.wav,AU-BSPM02_a-160806-040000.wav,y,i_neg,RW
389.305,390.322,86.4,197.0,AU-BSPM02_a-160806-041000.wav,AU-BSPM02_a-160806-041000.wav,y,i_neg,RW
49.487,50.292,81.7,197.0,AU-BSPM02_a-160806-042000.wav,AU-BSPM02_a-160806-042000.wav,y,i_neg,RW
129.813,130.216,70.2,148.6,AU-BSPM02_a-160806-042000.wav,AU-BSPM02_a-160806-042000.wav,y,i_neg,RW
15.907,17.305,84.1,208.5,AU-BSPM02_a-160806-045000.wav,AU-BSPM02_a-160806-045000.wav,y,i_neg,RW
87.746,88.678,84.1,201.6,AU-BSPM02_a-160806-045000.wav,AU-BSPM02_a-160806-045000.wav,y,i_neg,RW
108.584,109.537,74.8,169.3,AU-BSPM02_a-160806-091000.wav,AU-BSPM02_a-160806-091000.wav,y,i_neg,RW
461.678,462.525,77.1,176.2,AU-BSPM02_a-160806-195000.wav,AU-BSPM02_a-160806-195000.wav,y,i_neg,RW
323.894,324.932,74.8,206.2,AU-BSPM02_a-160806-200000.wav,AU-BSPM02_a-160806-200000.wav,y,i_neg,RW
380.881,382.046,77.1,210.8,AU-BSPM02_a-160806-200000.wav,AU-BSPM02_a-160806-200000.wav,y,i_neg,RW
424.204,425.518,70.2,164.7,AU-BSPM02_a-160806-200000.wav,AU-BSPM02_a-160806-200000.wav,y,i_neg,RW
537.648,539.258,77.1,213.1,AU-BSPM02_a-160807-055000.wav,AU-BSPM02_a-160807-055000.wav,y,i_neg,RW
14.242,15.704,77.1,206.2,AU-BSPM02_a-160807-060000.wav,AU-BSPM02_a-160807-060000.wav,y,i_neg,RW
87.733,89.047,67.9,187.7,AU-BSPM02_a-160807-060000.wav,AU-BSPM02_a-160807-060000.wav,y,i_neg,RW
129.953,131.224,84.1,185.4,AU-BSPM02_a-160807-060000.wav,AU-BSPM02_a-160807-060000.wav,y,i_neg,RW
154.263,155.598,58.7,167.0,AU-BSPM02_a-160807-060000.wav,AU-BSPM02_a-160807-060000.wav,y,i_neg,RW
217.542,218.517,56.4,173.9,AU-BSPM02_a-160807-060000.wav,AU-BSPM02_a-160807-060000.wav,y,i_neg,RW
261.288,262.369,61.0,171.6,AU-BSPM02_a-160807-060000.wav,AU-BSPM02_a-160807-060000.wav,y,i_neg,RW
70.758,72.389,107.1,222.3,AU-BSPM02_a-160809-070000.wav,AU-BSPM02_a-160809-070000.wav,y,i_neg,RW
88.915,90.25,93.3,210.8,AU-BSPM02_a-160809-070000.wav,AU-BSPM02_a-160809-070000.wav,y,i_neg,RW
107.907,108.797,127.8,215.4,AU-BSPM02_a-160809-070000.wav,AU-BSPM02_a-160809-070000.wav,y,i_neg,RW
120.69,121.813,93.3,201.6,AU-BSPM02_a-160809-070000.wav,AU-BSPM02_a-160809-070000.wav,y,i_neg,RW
127.004,128.36,93.3,194.7,AU-BSPM02_a-160809-070000.wav,AU-BSPM02_a-160809-070000.wav,y,i_neg,RW
182.551,183.801,93.3,213.1,AU-BSPM02_a-160809-071000.wav,AU-BSPM02_a-160809-071000.wav,y,i_neg,RW
329.839,331.322,77.1,192.3,AU-BSPM02_a-160809-073000.wav,AU-BSPM02_a-160809-073000.wav,y,i_neg,RW
378.114,378.898,84.1,137.0,AU-BSPM02_a-160809-073000.wav,AU-BSPM02_a-160809-073000.wav,y,i_neg,RW
371.996,373.246,118.6,210.8,AU-BSPM02_a-160809-080000.wav,AU-BSPM02_a-160809-080000.wav,y,i_neg,RW
439.775,440.961,93.3,201.6,AU-BSPM02_a-160809-080000.wav,AU-BSPM02_a-160809-080000.wav,y,i_neg,RW
458.313,459.372,100.2,183.1,AU-BSPM02_a-160809-080000.wav,AU-BSPM02_a-160809-080000.wav,y,i_neg,RW
473.089,473.915,86.4,183.1,AU-BSPM02_a-160809-080000.wav,AU-BSPM02_a-160809-080000.wav,y,i_neg,RW
487.39,488.11,139.4,190.0,AU-BSPM02_a-160809-080000.wav,AU-BSPM02_a-160809-080000.wav,y,i_neg,RW
552.902,553.771,123.2,192.3,AU-BSPM02_a-160809-123000.wav,AU-BSPM02_a-160809-123000.wav,y,i_neg,RW
333.462,334.288,56.4,144.0,AU-BSPM02_a-160809-131000.wav,AU-BSPM02_a-160809-131000.wav,y,i_neg,RW
2.296,2.889,120.9,171.6,AU-BSPM02_a-160809-171000.wav,AU-BSPM02_a-160809-171000.wav,y,i_neg,RW
23.949,24.775,107.1,155.5,AU-BSPM02_a-160809-171000.wav,AU-BSPM02_a-160809-171000.wav,y,i_neg,RW
68.267,68.966,118.6,164.7,AU-BSPM02_a-160809-171000.wav,AU-BSPM02_a-160809-171000.wav,y,i_neg,RW
83.508,84.186,100.2,150.9,AU-BSPM02_a-160809-171000.wav,AU-BSPM02_a-160809-171000.wav,y,i_neg,RW
100.352,101.39,93.3,153.2,AU-BSPM02_a-160809-171000.wav,AU-BSPM02_a-160809-171000.wav,y,i_neg,RW
458.924,459.623,116.3,162.4,AU-BSPM02_a-160809-171000.wav,AU-BSPM02_a-160809-171000.wav,y,i_neg,RW
549.563,550.008,116.3,178.5,AU-BSPM02_a-160809-171000.wav,AU-BSPM02_a-160809-171000.wav,y,i_neg,RW
589.445,590.038,95.6,155.5,AU-BSPM02_a-160809-171000.wav,AU-BSPM02_a-160809-171000.wav,y,i_neg,RW
55.584,56.092,116.3,162.4,AU-BSPM02_a-160809-172000.wav,AU-BSPM02_a-160809-172000.wav,y,i_neg,RW
100.644,101.216,114.0,167.0,AU-BSPM02_a-160809-172000.wav,AU-BSPM02_a-160809-172000.wav,y,i_neg,RW
124.212,125.653,86.4,197.0,AU-BSPM02_a-160809-172000.wav,AU-BSPM02_a-160809-172000.wav,y,i_neg,RW
325.246,326.072,100.2,201.6,AU-BSPM02_a-160809-175000.wav,AU-BSPM02_a-160809-175000.wav,y,i_neg,RW
402.716,403.267,86.4,169.3,AU-BSPM02_a-160809-175000.wav,AU-BSPM02_a-160809-175000.wav,y,i_neg,RW
564.907,565.67,91.0,178.5,AU-BSPM02_a-160810-032000.wav,AU-BSPM02_a-160810-032000.wav,y,i_neg,RW
595.678,596.42,79.4,157.8,AU-BSPM02_a-160810-032000.wav,AU-BSPM02_a-160810-032000.wav,y,i_neg,RW
311.856,312.831,81.7,197.0,AU-BSPM02_a-160810-035000.wav,AU-BSPM02_a-160810-035000.wav,y,i_neg,RW
388.136,388.899,65.6,162.4,AU-BSPM02_a-160810-035000.wav,AU-BSPM02_a-160810-035000.wav,y,i_neg,RW
406.081,406.462,93.3,173.9,AU-BSPM02_a-160810-035000.wav,AU-BSPM02_a-160810-035000.wav,y,i_neg,RW
489.962,490.555,114.0,171.6,AU-BSPM02_a-160810-035000.wav,AU-BSPM02_a-160810-035000.wav,y,i_neg,RW
533.03,533.708,86.4,162.4,AU-BSPM02_a-160810-035000.wav,AU-BSPM02_a-160810-035000.wav,y,i_neg,RW
545.89,546.653,91.0,192.3,AU-BSPM02_a-160810-035000.wav,AU-BSPM02_a-160810-035000.wav,y,i_neg,RW
457.165,458.076,93.3,169.3,AU-BSPM02_a-160810-040000.wav,AU-BSPM02_a-160810-040000.wav,y,i_neg,RW
548.546,549.457,100.2,199.3,AU-BSPM02_a-160810-040000.wav,AU-BSPM02_a-160810-040000.wav,y,i_neg,RW
562.348,563.238,88.7,194.7,AU-BSPM02_a-160810-040000.wav,AU-BSPM02_a-160810-040000.wav,y,i_neg,RW
596.19,597.271,97.9,201.6,AU-BSPM02_a-160810-040000.wav,AU-BSPM02_a-160810-040000.wav,y,i_neg,RW
104.11,104.534,116.3,217.7,AU-BSPM02_a-160810-080000.wav,AU-BSPM02_a-160810-080000.wav,y,i_neg,RW
166.775,167.432,104.8,220.0,AU-BSPM02_a-160810-080000.wav,AU-BSPM02_a-160810-080000.wav,y,i_neg,RW
208.733,209.178,120.9,190.0,AU-BSPM02_a-160810-080000.wav,AU-BSPM02_a-160810-080000.wav,y,i_neg,RW
241.928,242.585,118.6,231.5,AU-BSPM02_a-160810-080000.wav,AU-BSPM02_a-160810-080000.wav,y,i_neg,RW
268.546,269.054,134.7,190.0,AU-BSPM02_a-160810-080000.wav,AU-BSPM02_a-160810-080000.wav,y,i_neg,RW
274.775,275.601,74.8,183.1,AU-BSPM02_a-160810-080000.wav,AU-BSPM02_a-160810-080000.wav,y,i_neg,RW
308.661,309.508,97.9,206.2,AU-BSPM02_a-160810-080000.wav,AU-BSPM02_a-160810-080000.wav,y,i_neg,RW
311.013,311.649,104.8,180.8,AU-BSPM02_a-160810-080000.wav,AU-BSPM02_a-160810-080000.wav,y,i_neg,RW
317.369,318.195,63.3,199.3,AU-BSPM02_a-160810-080000.wav,AU-BSPM02_a-160810-080000.wav,y,i_neg,RW
330.216,330.979,107.1,183.1,AU-BSPM02_a-160810-080000.wav,AU-BSPM02_a-160810-080000.wav,y,i_neg,RW
336.19,337.398,132.4,217.7,AU-BSPM02_a-160810-080000.wav,AU-BSPM02_a-160810-080000.wav,y,i_neg,RW
363.593,364.144,130.1,199.3,AU-BSPM02_a-160810-080000.wav,AU-BSPM02_a-160810-080000.wav,y,i_neg,RW
396.322,397.212,93.3,190.0,AU-BSPM02_a-160810-080000.wav,AU-BSPM02_a-160810-080000.wav,y,i_neg,RW
444.538,445.428,67.9,187.7,AU-BSPM02_a-160810-080000.wav,AU-BSPM02_a-160810-080000.wav,y,i_neg,RW
454.687,455.323,65.6,180.8,AU-BSPM02_a-160810-080000.wav,AU-BSPM02_a-160810-080000.wav,y,i_neg,RW
503.559,504.279,111.7,240.7,AU-BSPM02_a-160810-080000.wav,AU-BSPM02_a-160810-080000.wav,y,i_neg,RW
561.86,562.538,118.6,210.8,AU-BSPM02_a-160810-080000.wav,AU-BSPM02_a-160810-080000.wav,y,i_neg,RW
581.487,582.017,118.6,183.1,AU-BSPM02_a-160810-080000.wav,AU-BSPM02_a-160810-080000.wav,y,i_neg,RW
598.182,598.69,123.2,185.4,AU-BSPM02_a-160810-080000.wav,AU-BSPM02_a-160810-080000.wav,y,i_neg,RW
234.674,235.288,102.5,169.3,AU-BSPM02_a-160810-081000.wav,AU-BSPM02_a-160810-081000.wav,y,i_neg,RW
253.792,254.491,111.7,190.0,AU-BSPM02_a-160810-081000.wav,AU-BSPM02_a-160810-081000.wav,y,i_neg,RW
277.563,278.368,93.3,201.6,AU-BSPM02_a-160810-081000.wav,AU-BSPM02_a-160810-081000.wav,y,i_neg,RW
283.568,284.098,84.1,155.5,AU-BSPM02_a-160810-081000.wav,AU-BSPM02_a-160810-081000.wav,y,i_neg,RW
301.28,302.0,95.6,190.0,AU-BSPM02_a-160810-081000.wav,AU-BSPM02_a-160810-081000.wav,y,i_neg,RW
308.598,309.17,91.0,169.3,AU-BSPM02_a-160810-081000.wav,AU-BSPM02_a-160810-081000.wav,y,i_neg,RW
333.449,334.085,93.3,169.3,AU-BSPM02_a-160810-081000.wav,AU-BSPM02_a-160810-081000.wav,y,i_neg,RW
340.131,340.745,65.6,169.3,AU-BSPM02_a-160810-081000.wav,AU-BSPM02_a-160810-081000.wav,y,i_neg,RW
349.983,350.746,97.9,178.5,AU-BSPM02_a-160810-081000.wav,AU-BSPM02_a-160810-081000.wav,y,i_neg,RW
362.322,362.83,61.0,153.2,AU-BSPM02_a-160810-081000.wav,AU-BSPM02_a-160810-081000.wav,y,i_neg,RW
367.28,367.958,95.6,169.3,AU-BSPM02_a-160810-081000.wav,AU-BSPM02_a-160810-081000.wav,y,i_neg,RW
378.0,378.742,109.4,185.4,AU-BSPM02_a-160810-081000.wav,AU-BSPM02_a-160810-081000.wav,y,i_neg,RW
385.86,386.983,91.0,187.7,AU-BSPM02_a-160810-081000.wav,AU-BSPM02_a-160810-081000.wav,y,i_neg,RW
410.275,410.635,104.8,187.7,AU-BSPM02_a-160810-081000.wav,AU-BSPM02_a-160810-081000.wav,y,i_neg,RW
429.542,430.389,88.7,201.6,AU-BSPM02_a-160810-081000.wav,AU-BSPM02_a-160810-081000.wav,y,i_neg,RW
444.996,445.78,102.5,176.2,AU-BSPM02_a-160810-081000.wav,AU-BSPM02_a-160810-081000.wav,y,i_neg,RW
10.187,11.077,114.0,194.7,AU-BSPM02_a-160810-083000.wav,AU-BSPM02_a-160810-083000.wav,y,i_neg,RW
67.28,68.594,81.7,146.3,AU-BSPM02_a-160810-083000.wav,AU-BSPM02_a-160810-083000.wav,y,i_neg,RW
118.271,119.33,88.7,144.0,AU-BSPM02_a-160810-083000.wav,AU-BSPM02_a-160810-083000.wav,y,i_neg,RW
32.475,33.767,91.0,213.1,AU-BSPM02_a-160811-044000.wav,AU-BSPM02_a-160811-044000.wav,y,i_neg,RW
37.581,38.217,77.1,167.0,AU-BSPM02_a-160811-044000.wav,AU-BSPM02_a-160811-044000.wav,y,i_neg,RW
85.775,87.322,65.6,185.4,AU-BSPM02_a-160811-044000.wav,AU-BSPM02_a-160811-044000.wav,y,i_neg,RW
126.356,127.098,56.4,127.8,AU-BSPM02_a-160811-044000.wav,AU-BSPM02_a-160811-044000.wav,y,i_neg,RW
221.584,222.347,114.0,180.8,AU-BSPM02_a-160812-103000.wav,AU-BSPM02_a-160812-103000.wav,y,i_neg,RW
293.602,294.28,104.8,190.0,AU-BSPM02_a-160812-103000.wav,AU-BSPM02_a-160812-103000.wav,y,i_neg,RW
336.025,336.788,111.7,187.7,AU-BSPM02_a-160812-103000.wav,AU-BSPM02_a-160812-103000.wav,y,i_neg,RW
389.623,390.449,104.8,187.7,AU-BSPM02_a-160812-103000.wav,AU-BSPM02_a-160812-103000.wav,y,i_neg,RW
429.598,430.361,116.3,206.2,AU-BSPM02_a-160812-103000.wav,AU-BSPM02_a-160812-103000.wav,y,i_neg,RW
440.339,440.847,88.7,153.2,AU-BSPM02_a-160812-103000.wav,AU-BSPM02_a-160812-103000.wav,y,i_neg,RW
115.275,116.08,118.6,220.0,AU-BSPM02_a-160812-110000.wav,AU-BSPM02_a-160812-110000.wav,y,i_neg,RW
150.813,151.491,102.5,187.7,AU-BSPM02_a-160812-110000.wav,AU-BSPM02_a-160812-110000.wav,y,i_neg,RW
194.834,195.766,104.8,215.4,AU-BSPM02_a-160812-110000.wav,AU-BSPM02_a-160812-110000.wav,y,i_neg,RW
61.089,62.0,123.2,247.6,AU-BSPM02_a-160813-111000.wav,AU-BSPM02_a-160813-111000.wav,y,i_neg,RW
473.584,474.961,93.3,206.2,AU-BSPM02_a-160813-121000.wav,AU-BSPM02_a-160813-121000.wav,y,i_neg,RW
491.729,492.343,95.6,171.6,AU-BSPM02_a-160814-124000.wav,AU-BSPM02_a-160814-124000.wav,y,i_neg,RW
39.098,39.755,102.5,176.2,AU-BSPM02_a-160814-170000.wav,AU-BSPM02_a-160814-170000.wav,y,i_neg,RW
87.546,88.012,84.1,157.8,AU-BSPM02_a-160814-170000.wav,AU-BSPM02_a-160814-170000.wav,y,i_neg,RW
180.517,181.025,104.8,180.8,AU-BSPM02_a-160814-170000.wav,AU-BSPM02_a-160814-170000.wav,y,i_neg,RW
222.081,222.717,107.1,167.0,AU-BSPM02_a-160814-170000.wav,AU-BSPM02_a-160814-170000.wav,y,i_neg,RW
450.661,451.636,97.9,180.8,AU-BSPM02_a-160815-083000.wav,AU-BSPM02_a-160815-083000.wav,y,i_neg,RW
535.242,536.089,116.3,178.5,AU-BSPM02_a-160815-083000.wav,AU-BSPM02_a-160815-083000.wav,y,i_neg,RW
589.242,589.899,97.9,155.5,AU-BSPM02_a-160815-083000.wav,AU-BSPM02_a-160815-083000.wav,y,i_neg,RW
522.593,523.97,84.1,157.8,AU-BSPM02_a-160815-181000.wav,AU-BSPM02_a-160815-181000.wav,y,i_neg,RW
579.708,581.106,97.9,171.6,AU-BSPM02_a-160815-181000.wav,AU-BSPM02_a-160815-181000.wav,y,i_neg,RW
4.081,5.034,91.0,153.2,AU-BSPM02_a-160815-182000.wav,AU-BSPM02_a-160815-182000.wav,y,i_neg,RW
67.305,68.047,79.4,150.9,AU-BSPM02_a-160815-182000.wav,AU-BSPM02_a-160815-182000.wav,y,i_neg,RW
183.271,183.907,65.6,141.7,AU-BSPM02_a-160815-182000.wav,AU-BSPM02_a-160815-182000.wav,y,i_neg,RW
164.432,166.0,107.1,183.1,AU-BSPM02_a-160815-185000.wav,AU-BSPM02_a-160815-185000.wav,y,i_neg,RW
232.254,233.165,95.6,155.5,AU-BSPM02_a-160815-185000.wav,AU-BSPM02_a-160815-185000.wav,y,i_neg,RW
520.758,522.177,107.1,270.7,AU-BSPM02_a-160817-004000.wav,AU-BSPM02_a-160817-004000.wav,y,i_neg,RW
581.157,582.301,120.9,217.7,AU-BSPM02_a-160817-004000.wav,AU-BSPM02_a-160817-004000.wav,y,i_neg,RW
37.869,39.013,95.6,213.1,AU-BSPM02_a-160817-005000.wav,AU-BSPM02_a-160817-005000.wav,y,i_neg,RW
81.742,82.759,104.8,210.8,AU-BSPM02_a-160817-005000.wav,AU-BSPM02_a-160817-005000.wav,y,i_neg,RW
119.801,121.009,95.6,203.9,AU-BSPM02_a-160817-005000.wav,AU-BSPM02_a-160817-005000.wav,y,i_neg,RW
155.487,156.207,97.9,197.0,AU-BSPM02_a-160817-005000.wav,AU-BSPM02_a-160817-005000.wav,y,i_neg,RW
206.246,207.284,77.1,185.4,AU-BSPM02_a-160817-005000.wav,AU-BSPM02_a-160817-005000.wav,y,i_neg,RW
237.334,238.245,97.9,213.1,AU-BSPM02_a-160817-005000.wav,AU-BSPM02_a-160817-005000.wav,y,i_neg,RW
275.763,276.949,67.9,197.0,AU-BSPM02_a-160817-005000.wav,AU-BSPM02_a-160817-005000.wav,y,i_neg,RW
351.763,353.013,102.5,199.3,AU-BSPM02_a-160817-005000.wav,AU-BSPM02_a-160817-005000.wav,y,i_neg,RW
427.161,428.326,74.8,213.1,AU-BSPM02_a-160817-005000.wav,AU-BSPM02_a-160817-005000.wav,y,i_neg,RW
492.25,493.458,86.4,215.4,AU-BSPM02_a-160817-005000.wav,AU-BSPM02_a-160817-005000.wav,y,i_neg,RW
508.627,509.347,102.5,155.5,AU-BSPM02_a-160817-005000.wav,AU-BSPM02_a-160817-005000.wav,y,i_neg,RW
523.572,525.097,74.8,203.9,AU-BSPM02_a-160817-005000.wav,AU-BSPM02_a-160817-005000.wav,y,i_neg,RW
562.712,563.581,65.6,176.2,AU-BSPM02_a-160817-005000.wav,AU-BSPM02_a-160817-005000.wav,y,i_neg,RW
1.542,2.792,84.1,206.2,AU-BSPM02_a-160817-011000.wav,AU-BSPM02_a-160817-011000.wav,y,i_neg,RW
55.796,56.94,107.1,206.2,AU-BSPM02_a-160817-011000.wav,AU-BSPM02_a-160817-011000.wav,y,i_neg,RW
87.098,88.369,84.1,199.3,AU-BSPM02_a-160817-011000.wav,AU-BSPM02_a-160817-011000.wav,y,i_neg,RW
295.576,296.741,125.5,261.5,AU-BSPM02_a-160817-011000.wav,AU-BSPM02_a-160817-011000.wav,y,i_neg,RW
353.623,355.042,86.4,222.3,AU-BSPM02_a-160817-011000.wav,AU-BSPM02_a-160817-011000.wav,y,i_neg,RW
385.644,386.725,91.0,206.2,AU-BSPM02_a-160817-011000.wav,AU-BSPM02_a-160817-011000.wav,y,i_neg,RW
405.504,406.839,111.7,222.3,AU-BSPM02_a-160817-011000.wav,AU-BSPM02_a-160817-011000.wav,y,i_neg,RW
432.398,433.521,93.3,180.8,AU-BSPM02_a-160817-011000.wav,AU-BSPM02_a-160817-011000.wav,y,i_neg,RW
495.763,496.674,84.1,194.7,AU-BSPM02_a-160817-011000.wav,AU-BSPM02_a-160817-011000.wav,y,i_neg,RW
519.246,520.157,107.1,197.0,AU-BSPM02_a-160817-011000.wav,AU-BSPM02_a-160817-011000.wav,y,i_neg,RW
344.432,345.237,104.8,150.9,AU-BSPM02_a-160817-051000.wav,AU-BSPM02_a-160817-051000.wav,y,i_neg,RW
288.61,289.5,81.7,141.7,AU-BSPM02_a-160907-062000.wav,AU-BSPM02_a-160907-062000.wav,y,i_neg,RW
437.623,438.237,97.9,155.5,AU-BSPM02_a-160907-062000.wav,AU-BSPM02_a-160907-062000.wav,y,i_neg,RW
535.687,536.344,88.7,171.6,AU-BSPM02_a-160907-063000.wav,AU-BSPM02_a-160907-063000.wav,y,i_neg,RW
572.644,573.746,86.4,187.7,AU-BSPM02_a-160907-063000.wav,AU-BSPM02_a-160907-063000.wav,y,i_neg,RW
587.305,588.28,109.4,167.0,AU-BSPM02_a-160907-063000.wav,AU-BSPM02_a-160907-063000.wav,y,i_neg,RW
25.5,26.432,91.0,187.7,AU-BSPM02_a-160907-064000.wav,AU-BSPM02_a-160907-064000.wav,y,i_neg,RW
120.61,121.352,97.9,173.9,AU-BSPM02_a-160907-064000.wav,AU-BSPM02_a-160907-064000.wav,y,i_neg,RW
144.008,144.877,97.9,180.8,AU-BSPM02_a-160907-064000.wav,AU-BSPM02_a-160907-064000.wav,y,i_neg,RW
1.915,2.551,102.5,176.2,AU-BSPM02_a-160908-170000.wav,AU-BSPM02_a-160908-170000.wav,y,i_neg,RW
65.267,66.093,67.9,169.3,AU-BSPM02_a-160908-170000.wav,AU-BSPM02_a-160908-170000.wav,y,i_neg,RW
237.246,237.945,65.6,167.0,AU-BSPM02_a-160908-170000.wav,AU-BSPM02_a-160908-170000.wav,y,i_neg,RW
420.907,421.903,56.4,157.8,AU-BSPM02_a-160908-170000.wav,AU-BSPM02_a-160908-170000.wav,y,i_neg,RW
224.288,224.987,61.0,176.2,AU-BSPM02_a-160908-171000.wav,AU-BSPM02_a-160908-171000.wav,y,i_neg,RW
222.669,223.538,91.0,187.7,AU-BSPM02_a-160908-221000.wav,AU-BSPM02_a-160908-221000.wav,y,i_neg,RW
83.309,84.792,88.7,185.4,AU-BSPM02_a-160908-222000.wav,AU-BSPM02_a-160908-222000.wav,y,i_neg,RW
166.258,167.656,58.7,183.1,AU-BSPM02_a-160908-222000.wav,AU-BSPM02_a-160908-222000.wav,y,i_neg,RW
222.44,223.351,54.1,167.0,AU-BSPM02_a-160908-222000.wav,AU-BSPM02_a-160908-222000.wav,y,i_neg,RW
